-- phpMyAdmin SQL Dump
-- version 5.2.0
-- https://www.phpmyadmin.net/
--
-- Host: 127.0.0.1
-- Generation Time: Dec 06, 2022 at 05:07 AM
-- Server version: 10.4.24-MariaDB
-- PHP Version: 8.1.6

SET SQL_MODE = "NO_AUTO_VALUE_ON_ZERO";
START TRANSACTION;
SET time_zone = "+00:00";


/*!40101 SET @OLD_CHARACTER_SET_CLIENT=@@CHARACTER_SET_CLIENT */;
/*!40101 SET @OLD_CHARACTER_SET_RESULTS=@@CHARACTER_SET_RESULTS */;
/*!40101 SET @OLD_COLLATION_CONNECTION=@@COLLATION_CONNECTION */;
/*!40101 SET NAMES utf8mb4 */;

--
-- Database: `db_websekolah`
--

-- --------------------------------------------------------

--
-- Table structure for table `tbl_agenda`
--

CREATE TABLE `tbl_agenda` (
  `agenda_id` int(11) NOT NULL,
  `agenda_nama` varchar(200) DEFAULT NULL,
  `agenda_tanggal` timestamp NULL DEFAULT current_timestamp(),
  `agenda_deskripsi` text DEFAULT NULL,
  `agenda_mulai` date DEFAULT NULL,
  `agenda_selesai` date DEFAULT NULL,
  `agenda_tempat` varchar(90) DEFAULT NULL,
  `agenda_waktu` varchar(30) DEFAULT NULL,
  `agenda_keterangan` varchar(200) DEFAULT NULL,
  `agenda_author` varchar(60) DEFAULT NULL
) ENGINE=InnoDB DEFAULT CHARSET=latin1;

--
-- Dumping data for table `tbl_agenda`
--

INSERT INTO `tbl_agenda` (`agenda_id`, `agenda_nama`, `agenda_tanggal`, `agenda_deskripsi`, `agenda_mulai`, `agenda_selesai`, `agenda_tempat`, `agenda_waktu`, `agenda_keterangan`, `agenda_author`) VALUES
(2, 'Peluncuran Website Resmi SMKN 7 Pontianak', '2017-01-22 06:26:33', 'Peluncuran website resmi sebagai media informasi dan akademik online untuk pelayanan pendidikan yang lebih baik kepada siswa, orangtua, dan masyarakat pada umumnya semakin meningkat.', '2022-12-04', '2022-12-04', 'SMKN 7 Pontianak', '07.30 - 12.00 WIB', '-', 'Christoper Aditya'),
(3, 'Penerimaan Raport Semester Ganjil Tahun Ajaran 2017-2018', '2017-01-22 06:29:49', 'Berakhirnya semester ganjil tahun pelajaran 2016-2017, ditandai dengan pembagian laporan hasil belajar.', '2022-02-17', '2022-02-17', 'SMKN 7 Pontianak', '07.30 - 12.00 WIB', 'Untuk kelas XI dan XII, pembagian raport dimulai pukul 07.30 WIB. Sedangkan untuk kelas X pada pukul 09.00 WIB. Raport diambil oleh orang tua/wali murid masing-masing.', 'Christoper Aditya');

-- --------------------------------------------------------

--
-- Table structure for table `tbl_album`
--

CREATE TABLE `tbl_album` (
  `album_id` int(11) NOT NULL,
  `album_nama` varchar(50) DEFAULT NULL,
  `album_tanggal` timestamp NULL DEFAULT current_timestamp(),
  `album_pengguna_id` int(11) DEFAULT NULL,
  `album_author` varchar(60) DEFAULT NULL,
  `album_count` int(11) DEFAULT 0,
  `album_cover` varchar(40) DEFAULT NULL
) ENGINE=InnoDB DEFAULT CHARSET=latin1;

--
-- Dumping data for table `tbl_album`
--

INSERT INTO `tbl_album` (`album_id`, `album_nama`, `album_tanggal`, `album_pengguna_id`, `album_author`, `album_count`, `album_cover`) VALUES
(1, 'Kedatangan Tamu Asing', '2022-11-08 13:00:55', 1, 'Christoper Aditya', 5, '202aa754590dfc1070c624bad294abbc.jpg'),
(3, 'Pemilu Osis 2016-2017', '2022-11-21 01:58:16', 1, 'Christoper Aditya', 3, 'dc088a9fb62333012ff7a601828219d7.jpg'),
(4, 'Kegiatan Belajar Siswa', '2022-11-24 01:31:13', 1, 'Christoper Aditya', 7, '203bc0411a07ed0430d39bcc38ec2c56.jpg');

-- --------------------------------------------------------

--
-- Table structure for table `tbl_galeri`
--

CREATE TABLE `tbl_galeri` (
  `galeri_id` int(11) NOT NULL,
  `galeri_judul` varchar(60) DEFAULT NULL,
  `galeri_tanggal` timestamp NULL DEFAULT current_timestamp(),
  `galeri_gambar` varchar(40) DEFAULT NULL,
  `galeri_album_id` int(11) DEFAULT NULL,
  `galeri_pengguna_id` int(11) DEFAULT NULL,
  `galeri_author` varchar(60) DEFAULT NULL
) ENGINE=InnoDB DEFAULT CHARSET=latin1;

--
-- Dumping data for table `tbl_galeri`
--

INSERT INTO `tbl_galeri` (`galeri_id`, `galeri_judul`, `galeri_tanggal`, `galeri_gambar`, `galeri_album_id`, `galeri_pengguna_id`, `galeri_author`) VALUES
(4, 'Diskusi Pemilihan Ketua Osis', '2022-11-21 14:04:53', '9b10fa300633f62f105e9b52789fc8f3.jpg', 3, 1, 'Christoper Aditya'),
(5, 'Panitia Pemilu Osis', '2022-11-22 04:13:20', '0ec0c2f9aae6501d7ed7930995d48b57.jpg', 3, 1, 'Christoper Aditya'),
(6, 'Proses Pemilu Osis', '2022-11-22 04:13:43', 'bfbe6cc1c8096f5f36c68e93da53c248.jpg', 3, 1, 'Christoper Aditya'),
(7, 'Belajar dengan native speaker', '2022-11-24 01:26:22', '831e5ad43ccc3c851d50c128ff095541.jpg', 1, 1, 'Christoper Aditya'),
(8, 'Diskusi dengan native speaker', '2022-11-24 01:27:05', '84afbf1d3ad45932f1d7ac47b8a00949.jpg', 1, 1, 'Christoper Aditya'),
(9, 'Foto bareng native speaker', '2022-11-24 01:27:28', 'a99ab060d5d5bf8c96f24fe385f7dd8b.jpg', 1, 1, 'Christoper Aditya'),
(10, 'Foto bareng native speaker', '2022-11-24 01:28:40', 'd70cedba6391b7b3c74b914efd82953f.jpg', 1, 1, 'Christoper Aditya'),
(11, 'Foto bareng native speaker', '2022-11-24 01:28:54', '10de99f425b9961ce1e87c5e5575f8f4.jpg', 1, 1, 'Christoper Aditya'),
(12, 'Belajar sambil bermain', '2022-11-24 01:31:42', '9df82241493b94d1e06b461129cf57b2.jpg', 4, 1, 'Christoper Aditya'),
(13, 'Belajar sambil bermain', '2022-11-24 01:31:55', '5374415f11683ad6dd31572a7bbf8a7b.jpg', 4, 1, 'Christoper Aditya'),
(14, 'Belajar komputer programming', '2022-11-24 01:32:24', '82b91bd35706b21c3ab04e205e358eb6.jpg', 4, 1, 'Christoper Aditya'),
(15, 'Belajar komputer programming', '2022-11-24 01:32:34', '93048f2a103987bce8c8ec8d6912de06.jpg', 4, 1, 'Christoper Aditya'),
(16, 'Belajar komputer programming', '2022-11-24 01:32:44', '41f46be181f2f8452c2041b5e79a05a5.jpg', 4, 1, 'Christoper Aditya'),
(17, 'Belajar sambil bermain', '2022-11-24 01:33:08', '2858b0555c252690e293d29b922ba8e6.jpg', 4, 1, 'Christoper Aditya'),
(18, 'Makan bersama', '2022-11-24 01:33:24', '90d67328e33a31d3f5eecd7dcb25b55d.jpg', 4, 1, 'Christoper Aditya');

-- --------------------------------------------------------

--
-- Table structure for table `tbl_inbox`
--

CREATE TABLE `tbl_inbox` (
  `inbox_id` int(11) NOT NULL,
  `inbox_nama` varchar(40) DEFAULT NULL,
  `inbox_email` varchar(60) DEFAULT NULL,
  `inbox_kontak` varchar(20) DEFAULT NULL,
  `inbox_pesan` text DEFAULT NULL,
  `inbox_tanggal` timestamp NULL DEFAULT current_timestamp(),
  `inbox_status` int(11) DEFAULT 1 COMMENT '1=Belum dilihat, 0=Telah dilihat'
) ENGINE=InnoDB DEFAULT CHARSET=latin1;

--
-- Dumping data for table `tbl_inbox`
--

INSERT INTO `tbl_inbox` (`inbox_id`, `inbox_nama`, `inbox_email`, `inbox_kontak`, `inbox_pesan`, `inbox_tanggal`, `inbox_status`) VALUES
(7, 'M Fikri Setiadi', 'fikrifiver97@gmail.com', '-', 'Hi, there!', '2017-07-01 07:28:08', 0),
(8, 'M Fikri', 'fikrifiver97@gmail.com', '084375684364', 'Hi There, Would you please help me about register?', '2018-08-06 13:51:07', 0);

-- --------------------------------------------------------

--
-- Table structure for table `tbl_kategori`
--

CREATE TABLE `tbl_kategori` (
  `kategori_id` int(11) NOT NULL,
  `kategori_nama` varchar(30) DEFAULT NULL,
  `kategori_tanggal` timestamp NULL DEFAULT current_timestamp()
) ENGINE=InnoDB DEFAULT CHARSET=latin1;

--
-- Dumping data for table `tbl_kategori`
--

INSERT INTO `tbl_kategori` (`kategori_id`, `kategori_nama`, `kategori_tanggal`) VALUES
(1, 'Pendidikan', '2022-11-06 05:49:04'),
(2, 'Politik', '2022-11-06 05:50:01'),
(3, 'Sains', '2022-11-06 05:59:39'),
(5, 'Penelitian', '2022-11-06 06:19:26'),
(6, 'Prestasi', '2022-11-07 02:51:09'),
(13, 'Olah Raga', '2022-11-13 13:20:31');

-- --------------------------------------------------------

--
-- Table structure for table `tbl_komentar`
--

CREATE TABLE `tbl_komentar` (
  `komentar_id` int(11) NOT NULL,
  `komentar_nama` varchar(30) DEFAULT NULL,
  `komentar_email` varchar(50) DEFAULT NULL,
  `komentar_isi` varchar(120) DEFAULT NULL,
  `komentar_tanggal` timestamp NULL DEFAULT current_timestamp(),
  `komentar_status` varchar(2) DEFAULT NULL,
  `komentar_tulisan_id` int(11) DEFAULT NULL,
  `komentar_parent` int(11) DEFAULT 0
) ENGINE=InnoDB DEFAULT CHARSET=latin1;

--
-- Dumping data for table `tbl_komentar`
--

INSERT INTO `tbl_komentar` (`komentar_id`, `komentar_nama`, `komentar_email`, `komentar_isi`, `komentar_tanggal`, `komentar_status`, `komentar_tulisan_id`, `komentar_parent`) VALUES
(1, 'M Fikri', 'fikrifiver97@gmail.com', ' Nice Post.', '2018-08-07 15:09:07', '1', 24, 0),
(2, 'M Fikri Setiadi', 'fikrifiver97@gmail.com', ' Awesome Post', '2018-08-07 15:14:26', '1', 24, 0),
(3, 'Joko', 'joko@gmail.com', 'Thank you.', '2018-08-08 03:54:56', '1', 24, 1);

-- --------------------------------------------------------

--
-- Table structure for table `tbl_log_aktivitas`
--

CREATE TABLE `tbl_log_aktivitas` (
  `log_id` int(11) NOT NULL,
  `log_nama` text DEFAULT NULL,
  `log_tanggal` timestamp NULL DEFAULT current_timestamp(),
  `log_ip` varchar(20) DEFAULT NULL,
  `log_pengguna_id` int(11) DEFAULT NULL,
  `log_icon` blob DEFAULT NULL,
  `log_jenis_icon` varchar(50) DEFAULT NULL
) ENGINE=InnoDB DEFAULT CHARSET=latin1;

-- --------------------------------------------------------

--
-- Table structure for table `tbl_pengguna`
--

CREATE TABLE `tbl_pengguna` (
  `pengguna_id` int(11) NOT NULL,
  `pengguna_nama` varchar(50) DEFAULT NULL,
  `pengguna_moto` varchar(100) DEFAULT NULL,
  `pengguna_jenkel` varchar(2) DEFAULT NULL,
  `pengguna_username` varchar(30) DEFAULT NULL,
  `pengguna_password` varchar(35) DEFAULT NULL,
  `pengguna_tentang` text DEFAULT NULL,
  `pengguna_email` varchar(50) DEFAULT NULL,
  `pengguna_nohp` varchar(20) DEFAULT NULL,
  `pengguna_facebook` varchar(35) DEFAULT NULL,
  `pengguna_twitter` varchar(35) DEFAULT NULL,
  `pengguna_linkdin` varchar(35) DEFAULT NULL,
  `pengguna_google_plus` varchar(35) DEFAULT NULL,
  `pengguna_status` int(2) DEFAULT 1,
  `pengguna_level` varchar(3) DEFAULT NULL,
  `pengguna_register` timestamp NULL DEFAULT current_timestamp(),
  `pengguna_photo` varchar(40) DEFAULT NULL
) ENGINE=InnoDB DEFAULT CHARSET=latin1;

--
-- Dumping data for table `tbl_pengguna`
--

INSERT INTO `tbl_pengguna` (`pengguna_id`, `pengguna_nama`, `pengguna_moto`, `pengguna_jenkel`, `pengguna_username`, `pengguna_password`, `pengguna_tentang`, `pengguna_email`, `pengguna_nohp`, `pengguna_facebook`, `pengguna_twitter`, `pengguna_linkdin`, `pengguna_google_plus`, `pengguna_status`, `pengguna_level`, `pengguna_register`, `pengguna_photo`) VALUES
(1, 'Christoper Aditya', 'Just do it', 'L', 'admin', 'admin123', 'nobody know', 'adityadwiutama3@gmail.com', '08888888888', '', '', '', '', 1, '1', '2016-09-03 06:07:55', 'd5fb2837c79800389af0905dd3986727.JPEG');

-- --------------------------------------------------------

--
-- Table structure for table `tbl_pengumuman`
--

CREATE TABLE `tbl_pengumuman` (
  `pengumuman_id` int(11) NOT NULL,
  `pengumuman_judul` varchar(150) DEFAULT NULL,
  `pengumuman_deskripsi` text DEFAULT NULL,
  `pengumuman_tanggal` timestamp NULL DEFAULT current_timestamp(),
  `pengumuman_author` varchar(60) DEFAULT NULL
) ENGINE=InnoDB DEFAULT CHARSET=latin1;

--
-- Dumping data for table `tbl_pengumuman`
--

INSERT INTO `tbl_pengumuman` (`pengumuman_id`, `pengumuman_judul`, `pengumuman_deskripsi`, `pengumuman_tanggal`, `pengumuman_author`) VALUES
(1, 'Pengumuman Libur Semester Ganjil Tahun Ajaran 2021-2022', 'Libur semester ganjil tahun ajaran 2021-2022 dimulai dari tanggal 3 Maret 2022 sampai dengan tanggal 7 Maret 2022.', '2022-11-29 21:04:00', 'Christoper Aditya'),
(2, 'Pengumuman Pembagian Raport Semester Ganjil Tahun Ajaran 2021-2022', 'Menjelang berakhirnya proses belajar-mengajar di semester ganjil tahun ajaran 2021-2022, maka akan diadakan pembagian hasil belajar/raport pada tanggal 4 Maret 2022 pukul 07.30 WIB.\r\nYang bertempat di SMKN 07 Pontianak. Raport diambil oleh orang tua/wali kelas murid masing-masing', '2022-11-29 21:07:00', 'Christoper Aditya'),
(3, 'Pengumuman Peresmian dan Launching Website Perdana SMKN 7 Pontianak', 'Peresmian dan launching website resmi M-Sekolah akan diadakan pada hari 4 Desember 2022 pukul 10.00, bertepatan dengan pembagian raport semester ganjil tahun ajaran 2021-2022', '2022-11-29 21:12:00', 'Christoper Aditya'),
(4, 'Pengumuman Proses Belajar Mengajar di Semester Genap Tahun Ajaran 2021-2022', 'Setelah libur semester ganjil tahun ajaran 2021-2022, proses belajar mengajar di semester genap tahun ajaran 2021-2022 mulai aktif kembali tanggal 2 Maret 2022.', '2022-11-29 21:30:00', 'Christoper Aditya');

-- --------------------------------------------------------

--
-- Table structure for table `tbl_pengunjung`
--

CREATE TABLE `tbl_pengunjung` (
  `pengunjung_id` int(11) NOT NULL,
  `pengunjung_tanggal` timestamp NULL DEFAULT current_timestamp(),
  `pengunjung_ip` varchar(40) DEFAULT NULL,
  `pengunjung_perangkat` varchar(100) DEFAULT NULL
) ENGINE=InnoDB DEFAULT CHARSET=latin1;

--
-- Dumping data for table `tbl_pengunjung`
--

INSERT INTO `tbl_pengunjung` (`pengunjung_id`, `pengunjung_tanggal`, `pengunjung_ip`, `pengunjung_perangkat`) VALUES
(931, '2022-11-10 10:32:41', '::1', 'Chrome'),
(932, '2022-11-11 12:51:35', '::1', 'Chrome'),
(933, '2022-11-15 06:02:41', '::1', 'Chrome'),
(934, '2022-11-23 04:04:10', '::1', 'Chrome'),
(935, '2022-11-29 11:53:20', '::1', 'Chrome'),
(936, '2022-11-29 17:09:27', '::1', 'Chrome'),
(937, '2022-12-01 14:57:29', '::1', 'Chrome'),
(938, '2022-12-06 03:49:36', '::1', 'Chrome');

-- --------------------------------------------------------

--
-- Table structure for table `tbl_tulisan`
--

CREATE TABLE `tbl_tulisan` (
  `tulisan_id` int(11) NOT NULL,
  `tulisan_judul` varchar(100) DEFAULT NULL,
  `tulisan_isi` text DEFAULT NULL,
  `tulisan_tanggal` timestamp NULL DEFAULT current_timestamp(),
  `tulisan_kategori_id` int(11) DEFAULT NULL,
  `tulisan_kategori_nama` varchar(30) DEFAULT NULL,
  `tulisan_views` int(11) DEFAULT 0,
  `tulisan_gambar` varchar(40) DEFAULT NULL,
  `tulisan_pengguna_id` int(11) DEFAULT NULL,
  `tulisan_author` varchar(40) DEFAULT NULL,
  `tulisan_img_slider` int(2) NOT NULL DEFAULT 0,
  `tulisan_slug` varchar(200) DEFAULT NULL
) ENGINE=InnoDB DEFAULT CHARSET=latin1;

--
-- Dumping data for table `tbl_tulisan`
--

INSERT INTO `tbl_tulisan` (`tulisan_id`, `tulisan_judul`, `tulisan_isi`, `tulisan_tanggal`, `tulisan_kategori_id`, `tulisan_kategori_nama`, `tulisan_views`, `tulisan_gambar`, `tulisan_pengguna_id`, `tulisan_author`, `tulisan_img_slider`, `tulisan_slug`) VALUES
(20, 'Persiapan siswa menjelang ujian nasional', '<p>Banyak metode bejalar yang dilakukan oleh siswa untuk persiapan menghadapi ujian nasional (UN). Biantaranya mengingat dengan metode Mind Map, ataupun bejalar diluar kelas (outdoor).&nbsp; Ini adalah sampel artikel Ini adalah sampel artikel Ini adalah sampel artikel Ini adalah sampel artikel Ini adalah sampel artikel Ini adalah sampel artikel Ini adalah sampel artikel Ini adalah sampel artikel Ini adalah sampel artikel Ini adalah sampel artikel Ini adalah sampel artikel Ini adalah sampel artikel Ini adalah sampel artikel Ini adalah sampel artikel Ini adalah sampel artikel.</p>\r\n\r\n<p>&nbsp;</p>\r\n\r\n<p>Ini adalah sampel artikel Ini adalah sampel artikel Ini adalah sampel artikel Ini adalah sampel artikel Ini adalah sampel artikel Ini adalah sampel artikel Ini adalah sampel artikel Ini adalah sampel artikel Ini adalah sampel artikel Ini adalah sampel artikel Ini adalah sampel artikel Ini adalah sampel artikel Ini adalah sampel artikel Ini adalah sampel artikel Ini adalah sampel artikel Ini adalah sampel artikel Ini adalah sampel artikel Ini adalah sampel artikel Ini adalah sampel artikel Ini adalah sampel artikel Ini adalah sampel artikel Ini adalah sampel artikel Ini adalah sampel artikel Ini adalah sampel artikel Ini adalah sampel artikel Ini adalah sampel artikel Ini adalah sampel artikel Ini adalah sampel artikel Ini adalah sampel artikel Ini adalah sampel artikel Ini adalah sampel artikel Ini adalah sampel artikel Ini adalah sampel artikel Ini adalah sampel artikel.</p>\r\n\r\n<p>&nbsp;</p>\r\n\r\n<p>Ini adalah sampel artikel Ini adalah sampel artikel Ini adalah sampel artikel Ini adalah sampel artikel Ini adalah sampel artikel Ini adalah sampel artikel Ini adalah sampel artikel Ini adalah sampel artikel Ini adalah sampel artikel Ini adalah sampel artikel Ini adalah sampel artikel Ini adalah sampel artikel Ini adalah sampel artikel Ini adalah sampel artikel Ini adalah sampel artikel Ini adalah sampel artikel Ini adalah sampel artikel Ini adalah sampel artikel Ini adalah sampel artikel Ini adalah sampel artikel Ini adalah sampel artikel Ini adalah sampel artikel.</p>\r\n\r\n<p>&nbsp;</p>\r\n\r\n<p>Ini adalah sampel artikel Ini adalah sampel artikel Ini adalah sampel artikel Ini adalah sampel artikel Ini adalah sampel artikel Ini adalah sampel artikel Ini adalah sampel artikel Ini adalah sampel artikel Ini adalah sampel artikel Ini adalah sampel artikel Ini adalah sampel artikel Ini adalah sampel artikel Ini adalah sampel artikel Ini adalah sampel artikel Ini adalah sampel artikel Ini adalah sampel artikel Ini adalah sampel artikel Ini adalah sampel artikel.</p>\r\n\r\n<p>&nbsp;</p>\r\n\r\n<p>Ini adalah sampel artikel Ini adalah sampel artikel Ini adalah sampel artikel Ini adalah sampel artikel Ini adalah sampel artikel Ini adalah sampel artikel Ini adalah sampel artikel Ini adalah sampel artikel Ini adalah sampel artikel Ini adalah sampel artikel Ini adalah sampel artikel Ini adalah sampel artikel Ini adalah sampel artikel Ini adalah sampel artikel Ini adalah sampel artikel Ini adalah sampel artikel Ini adalah sampel artikel Ini adalah sampel artikel Ini adalah sampel artikel Ini adalah sampel artikel Ini adalah sampel artikel Ini adalah sampel artikel Ini adalah sampel artikel Ini adalah sampel artikel Ini adalah sampel artikel.</p>\r\n\r\n<p>&nbsp;</p>\r\n\r\n<p>Ini adalah sampel artikel Ini adalah sampel artikel Ini adalah sampel artikel Ini adalah sampel artikel Ini adalah sampel artikel Ini adalah sampel artikel Ini adalah sampel artikel Ini adalah sampel artikel Ini adalah sampel artikel Ini adalah sampel artikel Ini adalah sampel artikel.</p>\r\n', '2022-11-17 09:24:42', 1, 'Pendidikan', 27, '0a927c6d34dc5560b72f053313f14638.jpg', 1, 'Christoper Aditya', 0, 'persiapan-siswa-menjelang-ujian-nasional'),
(22, 'Prestasi membangga dari siswa', '<p>Prestasi dan penghargaan merupakan trigger (pemicu) semangat belajar siswa. Ada banyak prestasi yang telah diraih oleh siswa m-sekolah. Ini adalah sampel artikel Ini adalah sampel artikel Ini adalah sampel artikel Ini adalah sampel artikel Ini adalah sampel artikel Ini adalah sampel artikel.</p>\r\n\r\n<p>Ini adalah sampel artikel Ini adalah sampel artikel Ini adalah sampel artikel Ini adalah sampel artikel Ini adalah sampel artikel Ini adalah sampel artikel Ini adalah sampel artikel Ini adalah sampel artikel Ini adalah sampel artikel Ini adalah sampel artikel Ini adalah sampel artikel Ini adalah sampel artikel Ini adalah sampel artikel Ini adalah sampel artikel Ini adalah sampel artikel Ini adalah sampel artikel Ini adalah sampel artikel Ini adalah sampel artikel Ini adalah sampel artikel.</p>\r\n\r\n<p>Ini adalah sampel artikel Ini adalah sampel artikel Ini adalah sampel artikel Ini adalah sampel artikel Ini adalah sampel artikel Ini adalah sampel artikel Ini adalah sampel artikel Ini adalah sampel artikel Ini adalah sampel artikel.</p>\r\n\r\n<p>Ini adalah sampel artikel Ini adalah sampel artikel Ini adalah sampel artikel Ini adalah sampel artikel Ini adalah sampel artikel Ini adalah sampel artikel Ini adalah sampel artikel Ini adalah sampel artikel Ini adalah sampel artikel Ini adalah sampel artikel Ini adalah sampel artikel Ini adalah sampel artikel Ini adalah sampel artikel Ini adalah sampel artikel Ini adalah sampel artikel Ini adalah sampel artikel Ini adalah sampel artikel Ini adalah sampel artikel.</p>\r\n\r\n<p>Ini adalah sampel artikel Ini adalah sampel artikel Ini adalah sampel artikel Ini adalah sampel artikel Ini adalah sampel artikel Ini adalah sampel artikel Ini adalah sampel artikel Ini adalah sampel artikel Ini adalah sampel artikel Ini adalah sampel artikel Ini adalah sampel artikel Ini adalah sampel artikel Ini adalah sampel artikel Ini adalah sampel artikel Ini adalah sampel artikel Ini adalah sampel artikel Ini adalah sampel artikel Ini adalah sampel artikel Ini adalah sampel artikel Ini adalah sampel artikel Ini adalah sampel artikel Ini adalah sampel artikel Ini adalah sampel artikel.</p>\r\n\r\n<p>Ini adalah sampel artikel Ini adalah sampel artikel Ini adalah sampel artikel Ini adalah sampel artikel Ini adalah sampel artikel Ini adalah sampel artikel Ini adalah sampel artikel Ini adalah sampel artikel Ini adalah sampel artikel Ini adalah sampel artikel Ini adalah sampel artikel Ini adalah sampel artikel Ini adalah sampel artikel Ini adalah sampel artikel Ini adalah sampel artikel Ini adalah sampel artikel Ini adalah sampel artikel Ini adalah sampel artikel Ini adalah sampel artikel.</p>\r\n', '2022-11-17 09:38:21', 6, 'Prestasi', 1, 'a59aa487ab2e3b57b2fcf75063b67575.jpg', 1, 'Christoper Aditya', 0, 'prestasi-membangga-dari-siswa'),
(23, 'Pelaksanaan Ujian Nasional', '<p>Pelaksanaan UN (Ujian Nasional) di sekolah berlangsung tentram dan damai. Terlihat ketenangan terpancar diwajah siswa berprestasi.&nbsp; Ini adalah sampel artikel Ini adalah sampel artikel&nbsp; Ini adalah sampel artikel Ini adalah sampel artikel Ini adalah sampel artikel Ini adalah sampel artikel Ini adalah sampel artikel Ini adalah sampel artikel.</p>\r\n\r\n<p>Ini adalah sampel artikel Ini adalah sampel artikel Ini adalah sampel artikel Ini adalah sampel artikel Ini adalah sampel artikel Ini adalah sampel artikel Ini adalah sampel artikel Ini adalah sampel artikel.</p>\r\n\r\n<p>Ini adalah sampel artikel Ini adalah sampel artikel Ini adalah sampel artikel Ini adalah sampel artikel Ini adalah sampel artikel Ini adalah sampel artikel Ini adalah sampel artikel Ini adalah sampel artikel Ini adalah sampel artikel Ini adalah sampel artikel Ini adalah sampel artikel Ini adalah sampel artikel Ini adalah sampel artikel Ini adalah sampel artikel Ini adalah sampel artikel Ini adalah sampel artikel Ini adalah sampel artikel Ini adalah sampel artikel Ini adalah sampel artikel Ini adalah sampel artikel.</p>\r\n\r\n<p>Ini adalah sampel artikel Ini adalah sampel artikel Ini adalah sampel artikel Ini adalah sampel artikel Ini adalah sampel artikel Ini adalah sampel artikel Ini adalah sampel artikel Ini adalah sampel artikel Ini adalah sampel artikel Ini adalah sampel artikel Ini adalah sampel artikel Ini adalah sampel artikel Ini adalah sampel artikel Ini adalah sampel artikel Ini adalah sampel artikel Ini adalah sampel artikel Ini adalah sampel artikel Ini adalah sampel artikel Ini adalah sampel artikel.</p>\r\n\r\n<p>Ini adalah sampel artikel Ini adalah sampel artikel Ini adalah sampel artikel Ini adalah sampel artikel Ini adalah sampel artikel Ini adalah sampel artikel Ini adalah sampel artikel Ini adalah sampel artikel Ini adalah sampel artikel Ini adalah sampel artikel Ini adalah sampel artikel Ini adalah sampel artikel Ini adalah sampel artikel Ini adalah sampel artikel Ini adalah sampel artikel Ini adalah sampel artikel Ini adalah sampel artikel Ini adalah sampel artikel Ini adalah sampel artikel.</p>\r\n', '2022-11-17 09:41:30', 1, 'Pendidikan', 4, '12bfb1953df800c59835a2796f8c6619.jpg', 1, 'Christoper Aditya', 0, 'pelaksanaan-ujian-nasional'),
(24, 'Proses belajar mengajar ', '<p>Proses belajar mengajar di sekolah m-sekolah berlangsung menyenangkan. Didukung oleh instruktur yang fun dengan metode mengajar yang tidak biasa. Ini adalah sampel artikel Ini adalah sampel artikel Ini adalah sampel artikel Ini adalah sampel artikel Ini adalah sampel artikel.</p>\r\n\r\n<p>Ini adalah sampel artikel Ini adalah sampel artikel Ini adalah sampel artikel Ini adalah sampel artikel Ini adalah sampel artikel Ini adalah sampel a Ini adalah sampel artikel Ini adalah sampel artikel Ini adalah sampel artikel Ini adalah sampel artikel Ini adalah sampel artikel Ini adalah sampel artikel Ini adalah sampel artikel artikel Ini adalah sampel artikel Ini adalah sampel artikel.</p>\r\n\r\n<p>Ini adalah sampel artikel Ini adalah sampel artikel Ini adalah sampel artikel Ini adalah sampel artikel Ini adalah sampel artikel Ini adalah sampel artikel Ini adalah sampel artikel Ini adalah sampel artikel Ini adalah sampel artikel Ini adalah sampel artikel Ini adalah sampel artikel Ini adalah sampel artikel Ini adalah sampel artikel Ini adalah sampel artikel Ini adalah sampel artikel Ini adalah sampel artikel Ini adalah sampel artikel Ini adalah sampel artikel Ini adalah sampel artikel .</p>\r\n\r\n<p>Ini adalah sampel artikel Ini adalah sampel artikel Ini adalah sampel artikel Ini adalah sampel artikel Ini adalah sampel artikel Ini adalah sampel artikel Ini adalah sampel artikel Ini adalah sampel artikel Ini adalah sampel artikel Ini adalah sampel artikel Ini adalah sampel artikel Ini adalah sampel artikel Ini adalah sampel artikel Ini adalah sampel artikel Ini adalah sampel artikel Ini adalah sampel artikel Ini adalah sampel artikel Ini adalah sampel artikel Ini adalah sampel artikel Ini adalah sampel artikel Ini adalah sampel artikel Ini adalah sampel artikel Ini adalah sampel artikel Ini adalah sampel artikel.</p>\r\n\r\n<p>Ini adalah sampel artikel Ini adalah sampel artikel Ini adalah sampel artikel Ini adalah sampel artikel Ini adalah sampel artikel Ini adalah sampel artikel Ini adalah sampel artikel Ini adalah sampel artikel Ini adalah sampel artikel Ini adalah sampel artikel Ini adalah sampel artikel Ini adalah sampel artikel Ini adalah sampel artikel Ini adalah sampel artikel Ini adalah sampel artikel Ini adalah sampel artikel Ini adalah sampel artikel Ini adalah sampel artikel Ini adalah sampel artikel Ini adalah sampel artikel.</p>\r\n', '2022-11-17 09:46:29', 1, 'Pendidikan', 113, 'ea114dc1ec5275560a5ef3238fd04722.jpg', 1, 'Christoper Aditya', 0, 'proses-belajar-mengajar'),
(25, 'iPhone 8 Baru Mengungkapkan Fitur Mengecewakan', '<p>Apple CEO Tim Cook delivers the opening keynote address the 2017 Apple.</p>\r\n\r\n<p><br />\r\nSudah lama sekali sejak Apple mampu menyimpan kejutan nyata dari beledu digital dan mengungkapkan &#39;satu hal&#39; yang sebenarnya selama sebuah keynote. Fase desain dan prototyping yang panjang, ditambah dengan rantai pasokan yang diperluas, telah menghasilkan garis manufaktur yang bocor.<br />\r\n<br />\r\nTariklah permintaan yang tak terpuaskan dari si geekerati dan Anda tidak akan pernah bisa menyimpan rahasianya ... bahkan jika penonton akan berpura-pura bahwa segala sesuatu yang dikatakan Tim Cook adalah sebuah wahyu.<br />\r\n<br />\r\nSemuanya di tampilkan untuk portofolio iPhone baru, meskipun jika kita jujur ??tidak ada hal baru yang bisa dilihat. Ini hanya Tim Cook dan timnya yang membuat model tahun lalu &#39;sedikit lebih baik&#39; dan mengajukan konsumen proposisi yang sama seperti setiap produsen smartphone lainnya.<br />\r\n<br />\r\nMungkin aku berharap terlalu banyak dari Apple. Pengulangan Timey dari mimpi Silicon Valley tidak dibangun dengan risiko, mendorong amplop, atau bereksperimen dengan bentuk atau fungsinya. Bagaimana Tim Cook bisa mendorong inovasi ketika begitu banyak kekaisarannya dibangun di seputar kebutuhan akan penjualan siklis iPhone yang terjamin? Jika penjualan smartphone turun, maka yayasan Cupertino akan berada dalam bahaya.<br />\r\n<br />\r\nJawaban Apple untuk ini adalah iPhone 8. Sementara iPhone 7S dan iPhone 7S Plus menjaga harapan, iPhone 8 bisa bereksperimen dengan bentuk, harga, dan kekuatan. Ini adalah handset yang akan mendorong batas teknologi Apple dengan layar OLED yang cerah dan jelas di bawah kaca melengkung yang membentuk bagian luarnya. Inilah smartphone yang membawa kekuatan magis wireless charging ke ekosistem iOS dan akan menawarkan pengenalan wajah untuk keamanan.<br />\r\n<br />\r\nYang semua terdengar hebat tapi itu satu set poin peluru yang bisa diterapkan ke banyak handset Android terkemuka yang ada di pasaran saat ini. Bahkan dengan andalannya yang maju untuk tahun 2017, Apple melakukan sedikit lebih banyak daripada mengenalkan teknologi yang ada ke portofolio iOS.<br />\r\n<br />\r\nItu tidak terlihat seperti ini beberapa bulan yang lalu. Fitur yang diduga dikeluarkan oleh Apple dari iPhone 8 memamerkan beberapa pemikiran terbaru tentang perangkat mobile, termasuk pengisian daya nirkabel jarak jauh dan sensor biometrik tertanam di bawah layar kaca. Ini perlahan-lahan telah terbantahkan oleh industri rumahan dan desas-desus, sampai-sampai kita cukup tahu apa yang terjadi dari iPhone 8.<br />\r\n<br />\r\nTentu saja iPhone 8 (dan lebih dari kemungkinan iPhone 7S dan 7S Plus) akan mendapat keuntungan dari perubahan pada konstruksi interior. Akan ada pencantuman iOS 11 dan integrasi perangkat lunak yang ketat ke perangkat keras. Akan ada anggukan Apple untuk kesederhanaan di UI dan aplikasi pihak ketiga akan segera menghadirkan fitur lanjutan kepada pengguna rata-rata.<br />\r\n<br />\r\nIni bukan perubahan sepele, tapi yang menyoroti ini adalah menjelaskan bagaimana sosis dibuat. Mereka adalah rakit tweak untuk paket yang sama. Anda bisa menambahkan kancing diamante ke gaun Anda, mengganti lapisannya, dan mengeluarkan pinggulnya karena tahun-tahun yang lewat, tapi pakaiannya tetap sama seperti yang orang lihat berkali-kali. Itu cukup bagi bisnis Apple untuk terus melakukannya dengan baik dan membuat pemegang saham tetap bahagia, namun Anda tidak dapat terus kembali ke bidang yang sama dan berharap untuk tetap berada di puncak permainan smartphone. Sesuatu harus diberikan.<br />\r\n<br />\r\nPortofolio Apple 2017 membajak bidang yang sama persis dengan tahun-tahun sebelumnya. Tulang punggung penjualan akan terdiri dari iPhone 7S dan iPhone 7S Plus yang berulang-ulang saat Tim Cook kembali menanam benih di alur yang sama persis seperti model sebelumnya. IPhone 8 dapat diluncurkan tepat waktu, namun stok akan sulit didapat dan Apple akan, sekali lagi, tidak merilis angka penjualan. Ini akan menjadi hal baru yang menarik dan berkilau, tapi mari kita panggil apa adanya.</p>\r\n\r\n<p>Tim Cook akan menyilangkan jari-jarinya sehingga cukup banyak orang yang senang bisa &#39;membeli iPhone lain&#39; dan terus menggelontorkannya tanpa melihat persaingan. IPhone 8 adalah Apple yang bermain mengejar kemajuan teknologi kompetisi, dengan harapan tidak ada yang memperhatikan bahwa iPhone Baru Kaisar tidak semudah yang terlihat.</p>\r\n', '2022-11-08 13:26:08', 5, 'Penelitian', 5, 'a0b99616241c9aded7f2a02661798d98.jpg', 1, 'Christoper Aditya', 0, 'iphone-8-baru-mengungkapkan-fitur-mengecewakan');

--
-- Indexes for dumped tables
--

--
-- Indexes for table `tbl_agenda`
--
ALTER TABLE `tbl_agenda`
  ADD PRIMARY KEY (`agenda_id`);

--
-- Indexes for table `tbl_album`
--
ALTER TABLE `tbl_album`
  ADD PRIMARY KEY (`album_id`),
  ADD KEY `album_pengguna_id` (`album_pengguna_id`);

--
-- Indexes for table `tbl_galeri`
--
ALTER TABLE `tbl_galeri`
  ADD PRIMARY KEY (`galeri_id`),
  ADD KEY `galeri_album_id` (`galeri_album_id`),
  ADD KEY `galeri_pengguna_id` (`galeri_pengguna_id`);

--
-- Indexes for table `tbl_inbox`
--
ALTER TABLE `tbl_inbox`
  ADD PRIMARY KEY (`inbox_id`);

--
-- Indexes for table `tbl_kategori`
--
ALTER TABLE `tbl_kategori`
  ADD PRIMARY KEY (`kategori_id`);

--
-- Indexes for table `tbl_komentar`
--
ALTER TABLE `tbl_komentar`
  ADD PRIMARY KEY (`komentar_id`),
  ADD KEY `komentar_tulisan_id` (`komentar_tulisan_id`);

--
-- Indexes for table `tbl_log_aktivitas`
--
ALTER TABLE `tbl_log_aktivitas`
  ADD PRIMARY KEY (`log_id`),
  ADD KEY `log_pengguna_id` (`log_pengguna_id`);

--
-- Indexes for table `tbl_pengguna`
--
ALTER TABLE `tbl_pengguna`
  ADD PRIMARY KEY (`pengguna_id`);

--
-- Indexes for table `tbl_pengumuman`
--
ALTER TABLE `tbl_pengumuman`
  ADD PRIMARY KEY (`pengumuman_id`);

--
-- Indexes for table `tbl_pengunjung`
--
ALTER TABLE `tbl_pengunjung`
  ADD PRIMARY KEY (`pengunjung_id`);

--
-- Indexes for table `tbl_tulisan`
--
ALTER TABLE `tbl_tulisan`
  ADD PRIMARY KEY (`tulisan_id`),
  ADD KEY `tulisan_kategori_id` (`tulisan_kategori_id`),
  ADD KEY `tulisan_pengguna_id` (`tulisan_pengguna_id`);

--
-- AUTO_INCREMENT for dumped tables
--

--
-- AUTO_INCREMENT for table `tbl_agenda`
--
ALTER TABLE `tbl_agenda`
  MODIFY `agenda_id` int(11) NOT NULL AUTO_INCREMENT, AUTO_INCREMENT=4;

--
-- AUTO_INCREMENT for table `tbl_album`
--
ALTER TABLE `tbl_album`
  MODIFY `album_id` int(11) NOT NULL AUTO_INCREMENT, AUTO_INCREMENT=5;

--
-- AUTO_INCREMENT for table `tbl_galeri`
--
ALTER TABLE `tbl_galeri`
  MODIFY `galeri_id` int(11) NOT NULL AUTO_INCREMENT, AUTO_INCREMENT=19;

--
-- AUTO_INCREMENT for table `tbl_inbox`
--
ALTER TABLE `tbl_inbox`
  MODIFY `inbox_id` int(11) NOT NULL AUTO_INCREMENT, AUTO_INCREMENT=9;

--
-- AUTO_INCREMENT for table `tbl_kategori`
--
ALTER TABLE `tbl_kategori`
  MODIFY `kategori_id` int(11) NOT NULL AUTO_INCREMENT, AUTO_INCREMENT=14;

--
-- AUTO_INCREMENT for table `tbl_komentar`
--
ALTER TABLE `tbl_komentar`
  MODIFY `komentar_id` int(11) NOT NULL AUTO_INCREMENT, AUTO_INCREMENT=6;

--
-- AUTO_INCREMENT for table `tbl_log_aktivitas`
--
ALTER TABLE `tbl_log_aktivitas`
  MODIFY `log_id` int(11) NOT NULL AUTO_INCREMENT;

--
-- AUTO_INCREMENT for table `tbl_pengguna`
--
ALTER TABLE `tbl_pengguna`
  MODIFY `pengguna_id` int(11) NOT NULL AUTO_INCREMENT, AUTO_INCREMENT=5;

--
-- AUTO_INCREMENT for table `tbl_pengumuman`
--
ALTER TABLE `tbl_pengumuman`
  MODIFY `pengumuman_id` int(11) NOT NULL AUTO_INCREMENT, AUTO_INCREMENT=5;

--
-- AUTO_INCREMENT for table `tbl_pengunjung`
--
ALTER TABLE `tbl_pengunjung`
  MODIFY `pengunjung_id` int(11) NOT NULL AUTO_INCREMENT, AUTO_INCREMENT=939;

--
-- AUTO_INCREMENT for table `tbl_tulisan`
--
ALTER TABLE `tbl_tulisan`
  MODIFY `tulisan_id` int(11) NOT NULL AUTO_INCREMENT, AUTO_INCREMENT=26;
COMMIT;

/*!40101 SET CHARACTER_SET_CLIENT=@OLD_CHARACTER_SET_CLIENT */;
/*!40101 SET CHARACTER_SET_RESULTS=@OLD_CHARACTER_SET_RESULTS */;
/*!40101 SET COLLATION_CONNECTION=@OLD_COLLATION_CONNECTION */;
